seqName,clade,Nextclade_pango,partiallyAliased,clade_nextstrain,clade_who,clade_legacy,qc.overallScore,qc.overallStatus,totalSubstitutions,totalDeletions,totalInsertions,totalFrameShifts,totalAminoacidSubstitutions,totalAminoacidDeletions,totalAminoacidInsertions,totalMissing,totalNonACGTNs,totalPcrPrimerChanges,substitutions,deletions,insertions,privateNucMutations.reversionSubstitutions,privateNucMutations.labeledSubstitutions,privateNucMutations.unlabeledSubstitutions,privateNucMutations.totalReversionSubstitutions,privateNucMutations.totalLabeledSubstitutions,privateNucMutations.totalUnlabeledSubstitutions,privateNucMutations.totalPrivateSubstitutions,frameShifts,aaSubstitutions,aaDeletions,aaInsertions,missing,nonACGTNs,pcrPrimerChanges,alignmentScore,alignmentStart,alignmentEnd,qc.missingData.missingDataThreshold,qc.missingData.score,qc.missingData.status,qc.missingData.totalMissing,qc.mixedSites.mixedSitesThreshold,qc.mixedSites.score,qc.mixedSites.status,qc.mixedSites.totalMixedSites,qc.privateMutations.cutoff,qc.privateMutations.excess,qc.privateMutations.score,qc.privateMutations.status,qc.privateMutations.total,qc.snpClusters.clusteredSNPs,qc.snpClusters.score,qc.snpClusters.status,qc.snpClusters.totalSNPs,qc.frameShifts.frameShifts,qc.frameShifts.totalFrameShifts,qc.frameShifts.frameShiftsIgnored,qc.frameShifts.totalFrameShiftsIgnored,qc.frameShifts.score,qc.frameShifts.status,qc.stopCodons.stopCodons,qc.stopCodons.totalStopCodons,qc.stopCodons.score,qc.stopCodons.status,isReverseComplement,failedGenes,warnings,errors,cod
AY_4_delta_EPI_ISL_7826496_S1_L001,21J,AY.4,B.1.617.2.4,21J,Delta,21J (Delta),0.694444,good,44,0,0,0,35,0,0,186,0,2,"G210T,C241T,A1964G,A2786G,C3037T,G4181T,C4918T,C6402T,C7124T,C7851T,C8986T,G9053T,C10029T,A11201G,A11332G,C14408T,A15124G,G15451A,T15882C,C16466T,G18997A,C19220T,C21618G,C21846T,G21987A,T22917G,C22995A,A23403G,C23604G,G24410A,C25469T,T25959C,T26767C,G27517C,C27630T,T27638C,C27752T,C27874T,A28461G,G28881T,G28916T,G29081T,G29402T,G29742T",,,,,"A1964G,A2786G,C4918T,A15124G,T15882C,G18997A,T25959C,G27517C,C27630T,G29081T",0,0,10,10,,"M:I82T,N:D63G,N:R203M,N:G215C,N:V270L,N:D377Y,ORF1a:I567V,ORF1a:I841V,ORF1a:A1306S,ORF1a:P2046L,ORF1a:P2287S,ORF1a:A2529V,ORF1a:V2930L,ORF1a:T3255I,ORF1a:T3646A,ORF1b:P314L,ORF1b:I553V,ORF1b:G662S,ORF1b:P1000L,ORF1b:A1844T,ORF1b:A1918V,ORF3a:S26L,ORF7a:G42R,ORF7a:V82A,ORF7a:T120I,ORF7b:T40I,ORF9b:T60A,S:T19R,S:T95I,S:G142D,S:L452R,S:T478K,S:D614G,S:P681R,S:D950N",,,"1-54,22014-22038,28247-28273,29824-29903",,"Charité_RdRp_F:G15451A,ChinaCDC_N_F:G28881T",89533,0,29903,3000,0,good,186,10,0,good,0,24,2,8.333333,good,10,,0,good,0,,0,,0,0,good,,0,0,good,False,,,,AY_4_delta_EPI_ISL_7826496_S1_L001
XBB_omicron_EPI_ISL_15742981_S1_L001,22F,XBB,XBB,22F,Omicron,22F (Omicron),0.0,good,92,0,0,0,66,0,0,121,0,7,"C241T,A405G,G510A,T670G,C2790T,C3037T,G4184A,C4321T,G5518A,G7058A,C9344T,A9424G,C9534T,C9866T,C10029T,C10198T,G10447A,C10449A,C12880T,A14041G,C14408T,G15451A,C15714T,C15738T,T15939C,T16342C,C17410T,T17859C,A18163G,A19326G,C19955T,A20055G,A21137G,C21618T,T21810C,G21987A,C22000A,C22109G,T22200A,G22577C,G22578A,G22599C,C22664A,C22674T,T22679C,C22686T,A22688G,G22775A,A22786C,G22813T,T22882G,G22895C,T22896C,G22898A,T22942G,G22992A,C22995A,A23013C,T23019C,T23031C,A23055G,A23063T,T23075C,A23403G,C23525T,T23599G,C23604A,C23854A,G23948T,A24424T,T24469A,C25000T,C25416T,C25584T,C26060T,C26270T,A26275G,C26577G,G26709A,C26858T,A27259C,G27382C,A27383T,T27384C,C27807T,A28271T,C28311T,G28881A,G28882A,G28883C,A29510C,C29721T",,,,A21137G|21J&21D,"G7058A,A14041G,C29721T",0,1,3,4,,"E:T9I,E:T11A,M:Q19E,M:A63T,N:P13L,N:R203K,N:G204R,N:S413R,ORF1a:K47R,ORF1a:G82D,ORF1a:S135R,ORF1a:T842I,ORF1a:G1307S,ORF1a:G2265S,ORF1a:L3027F,ORF1a:T3090I,ORF1a:L3201F,ORF1a:T3255I,ORF1a:P3395H,ORF1b:I192V,ORF1b:P314L,ORF1b:G662S,ORF1b:S959P,ORF1b:R1315C,ORF1b:I1566V,ORF1b:T2163I,ORF1b:K2557R,ORF3a:T223I,ORF6:D61L,ORF9b:P10S,S:T19I,S:V83A,S:G142D,S:H146Q,S:Q183E,S:V213E,S:G339H,S:R346T,S:L368I,S:S371F,S:S373P,S:S375F,S:T376A,S:D405N,S:R408S,S:K417N,S:N440K,S:V445P,S:G446S,S:N460K,S:S477N,S:T478K,S:E484A,S:F486S,S:F490S,S:Q498R,S:N501Y,S:Y505H,S:D614G,S:H655Y,S:N679K,S:P681H,S:N764K,S:D796Y,S:Q954H,S:N969K",,,"1-54,29837-29903",,"Charité_RdRp_F:G15451A,Charité_E_F:C26270T;A26275G,ChinaCDC_N_F:G28881A;G28882A;G28883C,USCDC_N1_P:C28311T",89341,0,29903,3000,0,good,121,10,0,good,0,24,-1,0.0,good,7,,0,good,0,,0,,0,0,good,,0,0,good,False,,,,XBB_omicron_EPI_ISL_15742981_S1_L001
BA_5_omicron_EPI_ISL_15195179_S1_L001,22B,BA.5,BA.5,22B,Omicron,22B (Omicron),8.506944,good,71,0,0,0,51,0,0,56,0,5,"G199A,C241T,T670G,C1627T,C2790T,C3037T,G4184A,C4321T,G8653T,C9344T,A9424G,C9534T,C10029T,C10198T,G10447A,C10449A,G12160A,C12880T,C14408T,C15714T,C17410T,C17934T,A18163G,C19944T,C19955T,A20055G,C21618T,G21987A,T22200G,G22578A,C22624A,C22674T,T22679C,C22686T,A22688G,G22775A,A22786C,G22813T,T22882G,T22917G,G22992A,C22995A,A23013C,T23018G,A23055G,A23063T,T23075C,A23403G,C23525T,T23599G,C23604A,C23854A,C23929T,G23948T,A24424T,T24469A,C25000T,C25584T,C26060T,C26270T,G26529A,C26577G,G26709A,C27807T,C27889T,A28271T,C28311T,G28881A,G28882A,G28883C,A29510C",,,A29868G,C23929T|19A,"G199A,G8653T,C17934T,C19944T,C22624A",1,1,5,7,,"E:T9I,M:D3N,M:Q19E,M:A63T,N:P13L,N:R203K,N:G204R,N:S413R,ORF1a:S135R,ORF1a:T842I,ORF1a:G1307S,ORF1a:M2796I,ORF1a:L3027F,ORF1a:T3090I,ORF1a:T3255I,ORF1a:P3395H,ORF1b:P314L,ORF1b:R1315C,ORF1b:I1566V,ORF1b:T2163I,ORF3a:T223I,ORF9b:P10S,S:T19I,S:G142D,S:V213G,S:G339D,S:N354K,S:S371F,S:S373P,S:S375F,S:T376A,S:D405N,S:R408S,S:K417N,S:N440K,S:L452R,S:S477N,S:T478K,S:E484A,S:F486V,S:Q498R,S:N501Y,S:Y505H,S:D614G,S:H655Y,S:N679K,S:P681H,S:N764K,S:D796Y,S:Q954H,S:N969K",,,"1-54,29902-29903",,"Charité_E_F:C26270T,ChinaCDC_N_F:G28881A;G28882A;G28883C,USCDC_N1_P:C28311T",89425,0,29903,3000,0,good,56,10,0,good,0,24,7,29.166667,good,15,,0,good,0,,0,,0,0,good,,0,0,good,False,,,,BA_5_omicron_EPI_ISL_15195179_S1_L001
P_1_gamma_EPI_ISL_1197001_S1_L001,20J,P.1.1,B.1.1.28.1.1,20J,Gamma,"20J (Gamma, V3)",146.006944,bad,33,0,0,0,24,0,0,6,0,1,"C241T,T733C,C2749T,C3037T,C3828T,A5648C,A6319G,A6613G,G11291A,T11296G,C12778T,T13851C,C13860T,C14408T,G17259T,A21137G,C21614T,C21621A,C21638T,G21974T,G22132T,A22812C,G23012A,A23063T,A23403G,C23525T,C24642T,C24919T,G25088T,T26149C,G28167A,C28512G,G28881A",,,"T28877A,C28878G,A28882G,C28883G,A29834T",A21137G|21J&21D,"-11291A,-11296G,C24919T",5,1,3,9,,"N:P80R,N:R203K,ORF1a:S1188L,ORF1a:K1795Q,ORF1a:G3676S,ORF1a:F3677L,ORF1b:P314L,ORF1b:E1264D,ORF1b:K2557R,ORF3a:S253P,ORF8:E92K,ORF9b:Q77E,S:L18F,S:T20N,S:P26S,S:D138Y,S:R190S,S:K417T,S:E484K,S:N501Y,S:D614G,S:H655Y,S:T1027I,S:V1176F",,,"1-3,29901-29903",,ChinaCDC_N_F:G28881A,89577,0,29903,3000,0,good,6,10,0,good,0,24,29,120.833333,bad,37,,0,good,0,,0,,0,0,good,,0,0,good,False,,,,P_1_gamma_EPI_ISL_1197001_S1_L001
B_1_1_7_alpha_EPI_ISL_1210625_S1_L001,20I,B.1.1.7,B.1.1.7,20I,Alpha,"20I (Alpha, V1)",0.0,good,35,0,0,0,23,0,0,65,0,4,"C241T,C913T,C3037T,C3267T,C5388A,C5986T,T6954C,C7047T,C10776T,G11291A,T11296G,C14408T,C14676T,C15279T,T16176C,A17615G,A23063T,C23271A,A23403G,C23604A,C23709T,T24506G,G24914C,C27972T,G28048T,A28111G,G28280C,A28281T,T28282A,G28881A,G28882A,G28883C,C28977T,G29868A,A29869G",,,,,"C7047T,C10776T,-11291A,-11296G,G29868A,A29869G",0,0,6,6,,"N:D3L,N:R203K,N:G204R,N:S235F,ORF1a:T1001I,ORF1a:A1708D,ORF1a:I2230T,ORF1a:S2261F,ORF1a:P3504L,ORF1a:G3676S,ORF1a:F3677L,ORF1b:P314L,ORF1b:K1383R,ORF8:Q27*,ORF8:R52I,ORF8:Y73C,S:N501Y,S:A570D,S:D614G,S:P681H,S:T716I,S:S982A,S:D1118H",,,"1,11287-11289,21766-21771,21962-21995,29883-29903",,"ChinaCDC_N_F:G28881A;G28882A;G28883C,ChinaCDC_N_R:C28977T",89569,0,29903,3000,0,good,65,10,0,good,0,24,-2,0.0,good,6,,0,good,0,,0,,0,0,good,,0,0,good,False,,,,B_1_1_7_alpha_EPI_ISL_1210625_S1_L001
B_1_243_EPI_ISL_11330895_S1_L001,20A,B.1.243,B.1.243,20A,,20A,8.506944,good,19,0,0,0,8,0,0,4,0,0,"C241T,T1578C,C3037T,G6618A,A7833C,C10741T,C14408T,G18534A,A20268G,A23403G,C23604A,T24076C,C24442T,C26534T,G26951T,G28580T,C28854T,G29266A,T29710C",,,,C23604A|21K&21L&22B&20I&22E&22C&23A&22A&22D&22F&20B&rec&21H&23B&21M&21E,"T1578C,G6618A,A7833C,C10741T,G18534A,C24442T,C26534T,G26951T,G28580T,G29266A,T29710C",0,1,11,12,,"N:D103Y,N:S194L,ORF1a:V438A,ORF1a:G2118D,ORF1a:N2523T,ORF1b:P314L,S:D614G,S:P681H",,,"1-2,29902-29903",,,89633,0,29903,3000,0,good,4,10,0,good,0,24,7,29.166667,good,15,,0,good,0,,0,,0,0,good,,0,0,good,False,,,,B_1_243_EPI_ISL_11330895_S1_L001
B_1_EPI_ISL_15579518_S1_L001,22F,XBB,XBB,22F,Omicron,22F (Omicron),2.777778,good,92,0,0,0,66,0,0,224,0,7,"C241T,A405G,G510A,T670G,C2790T,C3037T,G3582A,G4184A,C4321T,C5736T,C9344T,A9424G,C9534T,C9866T,C10029T,C10198T,G10447A,C10449A,C10507T,T11288A,C12880T,C14408T,G15451A,C15714T,C15738T,T15939C,T16342C,C17410T,T17859C,A18163G,A19326G,C19955T,A20055G,T21810C,G21987A,C22000A,C22109G,T22200A,G22577C,G22578A,G22599C,C22664A,C22674T,T22679C,C22686T,A22688G,G22775A,A22786C,G22813T,T22882G,G22895C,T22896C,G22898A,T22942G,G22992A,C22995A,A23013C,T23019C,T23031C,A23055G,A23063T,T23075C,A23403G,C23525T,T23599G,C23604A,C23854A,G23948T,A24424T,T24469A,C25000T,C25416T,C25584T,C26060T,C26270T,A26275G,C26577G,G26709A,C26858T,A27259C,G27382C,A27383T,T27384C,C27807T,A28271T,C28311T,C28550A,G28881A,G28882A,G28883C,C29095T,A29510C",,,T21618C,,"G3582A,C5736T,C10507T,-11288A,C28550A,C29095T",1,0,6,7,,"E:T9I,E:T11A,M:Q19E,M:A63T,N:P13L,N:R203K,N:G204R,N:S413R,ORF1a:K47R,ORF1a:G82D,ORF1a:S135R,ORF1a:T842I,ORF1a:S1106N,ORF1a:G1307S,ORF1a:A1824V,ORF1a:L3027F,ORF1a:T3090I,ORF1a:L3201F,ORF1a:T3255I,ORF1a:P3395H,ORF1a:S3675T,ORF1b:P314L,ORF1b:G662S,ORF1b:S959P,ORF1b:R1315C,ORF1b:I1566V,ORF1b:T2163I,ORF3a:T223I,ORF6:D61L,ORF9b:P10S,ORF9b:D89E,S:V83A,S:G142D,S:H146Q,S:Q183E,S:V213E,S:G339H,S:R346T,S:L368I,S:S371F,S:S373P,S:S375F,S:T376A,S:D405N,S:R408S,S:K417N,S:N440K,S:V445P,S:G446S,S:N460K,S:S477N,S:T478K,S:E484A,S:F486S,S:F490S,S:Q498R,S:N501Y,S:Y505H,S:D614G,S:H655Y,S:N679K,S:P681H,S:N764K,S:D796Y,S:Q954H,S:N969K",,,"1-54,29734-29903",,"Charité_RdRp_F:G15451A,Charité_E_F:C26270T;A26275G,ChinaCDC_N_F:G28881A;G28882A;G28883C,USCDC_N1_P:C28311T",89341,0,29903,3000,0,good,224,10,0,good,0,24,4,16.666667,good,12,,0,good,0,,0,,0,0,good,,0,0,good,False,,,,B_1_EPI_ISL_15579518_S1_L001
P_1_gamma_EPI_ISL_1287630_S1_L001,20J,P.1.1,B.1.1.28.1.1,20J,Gamma,"20J (Gamma, V3)",146.006944,bad,36,0,0,0,27,0,0,5,0,1,"C241T,T733C,C2523T,C2749T,C3037T,C3828T,A5648C,A6319G,A6613G,G11291A,T11296G,C12778T,G12938T,T13851C,C13860T,C14408T,G15652T,G17259T,C21614T,C21621A,C21638T,G21974T,C22006T,G22132T,A22812C,G23012A,A23063T,A23403G,C23481T,C23525T,C24642T,G25088T,T26149C,G28167A,C28512G,G28881A",,,"T28877A,C28878G,A28882G,C28883G,A29834T",,"C2523T,-11291A,-11296G,G12938T,G15652T,C22006T,C23481T",5,0,7,12,,"N:P80R,N:R203K,ORF1a:T753I,ORF1a:S1188L,ORF1a:K1795Q,ORF1a:G3676S,ORF1a:F3677L,ORF1a:V4225L,ORF1b:P314L,ORF1b:D729Y,ORF1b:E1264D,ORF3a:S253P,ORF8:E92K,ORF9b:Q77E,S:L18F,S:T20N,S:P26S,S:D138Y,S:R190S,S:K417T,S:E484K,S:N501Y,S:D614G,S:S640F,S:H655Y,S:T1027I,S:V1176F",,,"1-4,29903",,ChinaCDC_N_F:G28881A,89565,0,29903,3000,0,good,5,10,0,good,0,24,29,120.833333,bad,37,,0,good,0,,0,,0,0,good,,0,0,good,False,,,,P_1_gamma_EPI_ISL_1287630_S1_L001
B_1_EPI_ISL_15465135_S1_L001,22F,XBB,XBB,22F,Omicron,22F (Omicron),6.25,good,89,0,0,0,64,0,0,179,0,7,"C241T,A405G,G510A,T670G,C2790T,C3037T,G4184A,C4321T,G5518A,C9344T,A9424G,C9534T,C9866T,C10029T,C10198T,G10447A,C10449A,T11296G,C12880T,C14408T,G15451A,C15714T,C15738T,T15939C,T16342C,C17410T,T17859C,A18163G,A19326G,C19955T,A20055G,C21618T,T21810C,G21987A,C22000A,C22109G,G22577C,G22578A,G22599C,C22664A,C22674T,T22679C,C22686T,A22688G,G22775A,A22786C,G22813T,T22882G,G22895C,T22896C,G22898A,T22942G,G22992A,C22995A,A23013C,T23019C,T23031C,A23055G,A23063T,T23075C,A23403G,C23525T,T23599G,C23604A,C23854A,G23948T,A24424T,T24469A,C25000T,C25416T,C25584T,C26060T,C26270T,A26275G,C26577G,G26709A,C26858T,A27259C,G27382C,A27383T,T27384C,C27807T,A28271T,C28311T,A28363T,G28881A,G28882A,G28883C,A29510C",,,"T44C,A22200T",,"-11296G,-28363T",2,0,2,4,,"E:T9I,E:T11A,M:Q19E,M:A63T,N:P13L,N:R203K,N:G204R,N:S413R,ORF1a:K47R,ORF1a:G82D,ORF1a:S135R,ORF1a:T842I,ORF1a:G1307S,ORF1a:L3027F,ORF1a:T3090I,ORF1a:L3201F,ORF1a:T3255I,ORF1a:P3395H,ORF1a:F3677L,ORF1b:P314L,ORF1b:G662S,ORF1b:S959P,ORF1b:R1315C,ORF1b:I1566V,ORF1b:T2163I,ORF3a:T223I,ORF6:D61L,ORF9b:P10S,ORF9b:E27V,S:T19I,S:V83A,S:G142D,S:H146Q,S:Q183E,S:G339H,S:R346T,S:L368I,S:S371F,S:S373P,S:S375F,S:T376A,S:D405N,S:R408S,S:K417N,S:N440K,S:V445P,S:G446S,S:N460K,S:S477N,S:T478K,S:E484A,S:F486S,S:F490S,S:Q498R,S:N501Y,S:Y505H,S:D614G,S:H655Y,S:N679K,S:P681H,S:N764K,S:D796Y,S:Q954H,S:N969K",,,"1-8,29733-29903",,"Charité_RdRp_F:G15451A,Charité_E_F:C26270T;A26275G,ChinaCDC_N_F:G28881A;G28882A;G28883C,USCDC_N1_P:C28311T",89353,0,29903,3000,0,good,179,10,0,good,0,24,6,25.0,good,14,,0,good,0,,0,,0,0,good,,0,0,good,False,,,,B_1_EPI_ISL_15465135_S1_L001
B_1_EPI_ISL_15742981_S1_L001,22F,XBB,XBB,22F,Omicron,22F (Omicron),0.0,good,92,0,0,0,66,0,0,121,0,7,"C241T,A405G,G510A,T670G,C2790T,C3037T,G4184A,C4321T,G5518A,G7058A,C9344T,A9424G,C9534T,C9866T,C10029T,C10198T,G10447A,C10449A,C12880T,A14041G,C14408T,G15451A,C15714T,C15738T,T15939C,T16342C,C17410T,T17859C,A18163G,A19326G,C19955T,A20055G,A21137G,C21618T,T21810C,G21987A,C22000A,C22109G,T22200A,G22577C,G22578A,G22599C,C22664A,C22674T,T22679C,C22686T,A22688G,G22775A,A22786C,G22813T,T22882G,G22895C,T22896C,G22898A,T22942G,G22992A,C22995A,A23013C,T23019C,T23031C,A23055G,A23063T,T23075C,A23403G,C23525T,T23599G,C23604A,C23854A,G23948T,A24424T,T24469A,C25000T,C25416T,C25584T,C26060T,C26270T,A26275G,C26577G,G26709A,C26858T,A27259C,G27382C,A27383T,T27384C,C27807T,A28271T,C28311T,G28881A,G28882A,G28883C,A29510C,C29721T",,,,A21137G|21J&21D,"G7058A,A14041G,C29721T",0,1,3,4,,"E:T9I,E:T11A,M:Q19E,M:A63T,N:P13L,N:R203K,N:G204R,N:S413R,ORF1a:K47R,ORF1a:G82D,ORF1a:S135R,ORF1a:T842I,ORF1a:G1307S,ORF1a:G2265S,ORF1a:L3027F,ORF1a:T3090I,ORF1a:L3201F,ORF1a:T3255I,ORF1a:P3395H,ORF1b:I192V,ORF1b:P314L,ORF1b:G662S,ORF1b:S959P,ORF1b:R1315C,ORF1b:I1566V,ORF1b:T2163I,ORF1b:K2557R,ORF3a:T223I,ORF6:D61L,ORF9b:P10S,S:T19I,S:V83A,S:G142D,S:H146Q,S:Q183E,S:V213E,S:G339H,S:R346T,S:L368I,S:S371F,S:S373P,S:S375F,S:T376A,S:D405N,S:R408S,S:K417N,S:N440K,S:V445P,S:G446S,S:N460K,S:S477N,S:T478K,S:E484A,S:F486S,S:F490S,S:Q498R,S:N501Y,S:Y505H,S:D614G,S:H655Y,S:N679K,S:P681H,S:N764K,S:D796Y,S:Q954H,S:N969K",,,"1-54,29837-29903",,"Charité_RdRp_F:G15451A,Charité_E_F:C26270T;A26275G,ChinaCDC_N_F:G28881A;G28882A;G28883C,USCDC_N1_P:C28311T",89341,0,29903,3000,0,good,121,10,0,good,0,24,-1,0.0,good,7,,0,good,0,,0,,0,0,good,,0,0,good,False,,,,B_1_EPI_ISL_15742981_S1_L001
B_1_243_EPI_ISL_11190240_S1_L001,20A,B.1.243,B.1.243,20A,,20A,8.506944,good,19,0,0,0,8,0,0,3,0,0,"C241T,T1578C,C3037T,G6618A,A7833C,C10741T,C14408T,G18534A,A20268G,A23403G,C23604A,T24076C,C24442T,C26534T,G26951T,G28580T,C28854T,G29266A,T29710C",,,,C23604A|21K&21L&22B&20I&22E&22C&23A&22A&22D&22F&20B&rec&21H&23B&21M&21E,"T1578C,G6618A,A7833C,C10741T,G18534A,C24442T,C26534T,G26951T,G28580T,G29266A,T29710C",0,1,11,12,,"N:D103Y,N:S194L,ORF1a:V438A,ORF1a:G2118D,ORF1a:N2523T,ORF1b:P314L,S:D614G,S:P681H",,,"1,29902-29903",,,89633,0,29903,3000,0,good,3,10,0,good,0,24,7,29.166667,good,15,,0,good,0,,0,,0,0,good,,0,0,good,False,,,,B_1_243_EPI_ISL_11190240_S1_L001
AY_39_1_delta_EPI_ISL_7825961_S1_L001,21J,AY.39.1,B.1.617.2.39.1,21J,Delta,21J (Delta),29.340278,good,40,0,0,0,32,0,0,181,0,4,"G210T,C241T,C2232T,C3037T,C3096T,G4181T,C6402T,C7124T,C8986T,G9053T,C10029T,A11201G,A11332G,A13482G,C14408T,G15451A,C16466T,C19220T,G21372T,C21618G,C21846T,G21987A,T22917G,C22995A,A23403G,C23604G,G24410A,C25469T,T26187C,T26767C,C27752T,C27874T,T28297C,A28461G,C28725T,G28881T,G28916T,T28921C,G29402T,G29742T",,,"A27604G,C27638T",T28297C|22F&23B,"C2232T,C3096T,T26187C,C28725T,T28921C",2,1,5,8,,"M:I82T,N:D63G,N:P151L,N:R203M,N:G215C,N:D377Y,ORF1a:A656V,ORF1a:S944L,ORF1a:A1306S,ORF1a:P2046L,ORF1a:P2287S,ORF1a:V2930L,ORF1a:T3255I,ORF1a:T3646A,ORF1b:P314L,ORF1b:G662S,ORF1b:P1000L,ORF1b:A1918V,ORF1b:Q2635H,ORF3a:S26L,ORF7a:T120I,ORF7b:T40I,ORF9b:I5T,ORF9b:T60A,S:T19R,S:T95I,S:G142D,S:L452R,S:T478K,S:D614G,S:P681R,S:D950N",,,"1-54,22014-22038,28247-28271,29827-29903",,"Charité_RdRp_F:G15451A,ChinaCDC_N_F:G28881T,USCDC_N1_F:T28297C,USCDC_N3_P:C28725T",89549,0,29903,3000,0,good,181,10,0,good,0,24,13,54.166667,mediocre,21,,0,good,0,,0,,0,0,good,,0,0,good,False,,,,AY_39_1_delta_EPI_ISL_7825961_S1_L001
P_1_gamma_EPI_ISL_1287638_S1_L001,20J,P.1.1,B.1.1.28.1.1,20J,Gamma,"20J (Gamma, V3)",146.006944,bad,36,0,0,0,27,0,0,6,0,1,"C241T,T733C,C2523T,C2749T,C3037T,C3828T,A5648C,A6319G,A6613G,G11291A,T11296G,C12778T,G12938T,T13851C,C13860T,C14408T,G15652T,G17259T,C21614T,C21621A,C21638T,G21974T,C22006T,G22132T,A22812C,G23012A,A23063T,A23403G,C23481T,C23525T,C24642T,G25088T,T26149C,G28167A,C28512G,G28881A",,,"T28877A,C28878G,A28882G,C28883G,A29834T",,"C2523T,-11291A,-11296G,G12938T,G15652T,C22006T,C23481T",5,0,7,12,,"N:P80R,N:R203K,ORF1a:T753I,ORF1a:S1188L,ORF1a:K1795Q,ORF1a:G3676S,ORF1a:F3677L,ORF1a:V4225L,ORF1b:P314L,ORF1b:D729Y,ORF1b:E1264D,ORF3a:S253P,ORF8:E92K,ORF9b:Q77E,S:L18F,S:T20N,S:P26S,S:D138Y,S:R190S,S:K417T,S:E484K,S:N501Y,S:D614G,S:S640F,S:H655Y,S:T1027I,S:V1176F",,,"1-3,29901-29903",,ChinaCDC_N_F:G28881A,89565,0,29903,3000,0,good,6,10,0,good,0,24,29,120.833333,bad,37,,0,good,0,,0,,0,0,good,,0,0,good,False,,,,P_1_gamma_EPI_ISL_1287638_S1_L001
XBB_omicron_EPI_ISL_15742978_S1_L001,22F,XBB,XBB,22F,Omicron,22F (Omicron),0.0,good,89,0,0,0,63,0,0,121,0,7,"C241T,A405G,G510A,T670G,C2790T,C3037T,G4184A,C4321T,G5518A,C9344T,A9424G,C9534T,C9866T,C10029T,C10198T,G10447A,C10449A,C12880T,C14408T,G15451A,C15714T,C15738T,T15939C,T16050C,T16342C,C17410T,T17859C,A18163G,A19326G,C19955T,A20055G,C21618T,T21810C,G21987A,C22000A,C22109G,T22200A,G22577C,G22578A,G22599C,C22664A,C22674T,T22679C,C22686T,A22688G,G22775A,A22786C,G22813T,T22882G,G22895C,T22896C,G22898A,T22942G,G22992A,C22995A,A23013C,T23019C,T23031C,A23055G,A23063T,T23075C,A23403G,C23525T,T23599G,C23604A,C23854A,G23948T,A24424T,T24469A,C25000T,C25416T,C25584T,C26060T,C26270T,A26275G,C26577G,G26709A,C26858T,A27259C,G27382C,A27383T,T27384C,C27807T,A28271T,C28311T,G28881A,G28882A,G28883C,A29510C",,,,,T16050C,0,0,1,1,,"E:T9I,E:T11A,M:Q19E,M:A63T,N:P13L,N:R203K,N:G204R,N:S413R,ORF1a:K47R,ORF1a:G82D,ORF1a:S135R,ORF1a:T842I,ORF1a:G1307S,ORF1a:L3027F,ORF1a:T3090I,ORF1a:L3201F,ORF1a:T3255I,ORF1a:P3395H,ORF1b:P314L,ORF1b:G662S,ORF1b:S959P,ORF1b:R1315C,ORF1b:I1566V,ORF1b:T2163I,ORF3a:T223I,ORF6:D61L,ORF9b:P10S,S:T19I,S:V83A,S:G142D,S:H146Q,S:Q183E,S:V213E,S:G339H,S:R346T,S:L368I,S:S371F,S:S373P,S:S375F,S:T376A,S:D405N,S:R408S,S:K417N,S:N440K,S:V445P,S:G446S,S:N460K,S:S477N,S:T478K,S:E484A,S:F486S,S:F490S,S:Q498R,S:N501Y,S:Y505H,S:D614G,S:H655Y,S:N679K,S:P681H,S:N764K,S:D796Y,S:Q954H,S:N969K",,,"1-54,29837-29903",,"Charité_RdRp_F:G15451A,Charité_E_F:C26270T;A26275G,ChinaCDC_N_F:G28881A;G28882A;G28883C,USCDC_N1_P:C28311T",89353,0,29903,3000,0,good,121,10,0,good,0,24,-7,0.0,good,1,,0,good,0,,0,,0,0,good,,0,0,good,False,,,,XBB_omicron_EPI_ISL_15742978_S1_L001
B_1_1_7_alpha_EPI_ISL_1210626_S1_L001,20I,B.1.1.7,B.1.1.7,20I,Alpha,"20I (Alpha, V1)",11.111111,good,36,0,0,0,23,0,0,74,0,6,"C241T,C913T,C3037T,C3267T,C5388A,C5986T,T6954C,T11296G,C12784T,C14408T,C14676T,C15279T,T16176C,A17615G,A19079G,C19610T,C19854T,C22227T,A23063T,C23271A,A23403G,C23604A,C23709T,C24240T,T24506G,G24914C,G26951C,C27972T,G28048T,A28111G,C28253T,C28744T,G28881A,G28882A,G28883C,C28977T",,,,"C22227T|21I&20E&21J,C28253T|20H&21G","-11296G,C12784T,A19079G,C19610T,C19854T,C24240T,G26951C,C28744T",0,2,8,10,,"N:R203K,N:G204R,N:S235F,ORF1a:T1001I,ORF1a:A1708D,ORF1a:I2230T,ORF1a:F3677L,ORF1b:P314L,ORF1b:K1383R,ORF1b:E1871G,ORF1b:T2048I,ORF8:Q27*,ORF8:R52I,ORF8:Y73C,S:A222V,S:N501Y,S:A570D,S:D614G,S:P681H,S:T716I,S:A893V,S:S982A,S:D1118H",,,"1-2,11287-11292,21765-21773,21962-21998,27579-27582,28272-28284,29901-29903",,"ChinaCDC_N_F:G28881A;G28882A;G28883C,ChinaCDC_N_R:C28977T,USCDC_N3_R:C28744T,Pasteur_IP2_R:C12784T",89565,0,29903,3000,0,good,74,10,0,good,0,24,8,33.333333,mediocre,16,,0,good,0,,0,,0,0,good,,0,0,good,False,,,,B_1_1_7_alpha_EPI_ISL_1210626_S1_L001
BA_2_omicron_EPI_ISL_11521406_S1_L001,21L,BA.2,BA.2,21L,Omicron,21L (Omicron),6.25,good,66,0,0,0,49,0,0,7,0,5,"C241T,T670G,C2790T,C3037T,G4184A,C4321T,C9344T,A9424G,C9534T,C9866T,C10029T,C10198T,G10447A,C10449A,G11291A,T11296G,C12880T,C14408T,C15714T,C17410T,A18163G,C19955T,A20055G,C21618T,G21987A,G22578A,C22674T,T22679C,C22686T,A22688G,G22775A,G22813T,T22882G,G22992A,C22995A,A23013C,A23040G,A23055G,A23063T,T23075C,A23403G,C23525T,T23599G,C23604A,C23854A,G23948T,A24424T,T24469A,C25000T,C25584T,C26060T,C26270T,C26577G,G26709A,C26858T,A27259C,G27382C,A27383T,T27384C,C27807T,A28271T,C28311T,G28881A,G28882A,G28883C,A29510C",,,"G22200T,C22786A",,"-11291A,-11296G",2,0,2,4,,"E:T9I,M:Q19E,M:A63T,N:P13L,N:R203K,N:G204R,N:S413R,ORF1a:S135R,ORF1a:T842I,ORF1a:G1307S,ORF1a:L3027F,ORF1a:T3090I,ORF1a:L3201F,ORF1a:T3255I,ORF1a:P3395H,ORF1a:G3676S,ORF1a:F3677L,ORF1b:P314L,ORF1b:R1315C,ORF1b:I1566V,ORF1b:T2163I,ORF3a:T223I,ORF6:D61L,ORF9b:P10S,S:T19I,S:G142D,S:G339D,S:S371F,S:S373P,S:S375F,S:T376A,S:D405N,S:K417N,S:N440K,S:S477N,S:T478K,S:E484A,S:Q493R,S:Q498R,S:N501Y,S:Y505H,S:D614G,S:H655Y,S:N679K,S:P681H,S:N764K,S:D796Y,S:Q954H,S:N969K",,,"1-5,29902-29903",,"Charité_E_F:C26270T,ChinaCDC_N_F:G28881A;G28882A;G28883C,USCDC_N1_P:C28311T",89445,0,29903,3000,0,good,7,10,0,good,0,24,6,25.0,good,14,,0,good,0,,0,,0,0,good,,0,0,good,False,,,,BA_2_omicron_EPI_ISL_11521406_S1_L001
XBB_omicron_EPI_ISL_15579518_S1_L001,22F,XBB,XBB,22F,Omicron,22F (Omicron),2.777778,good,92,0,0,0,66,0,0,224,0,7,"C241T,A405G,G510A,T670G,C2790T,C3037T,G3582A,G4184A,C4321T,C5736T,C9344T,A9424G,C9534T,C9866T,C10029T,C10198T,G10447A,C10449A,C10507T,T11288A,C12880T,C14408T,G15451A,C15714T,C15738T,T15939C,T16342C,C17410T,T17859C,A18163G,A19326G,C19955T,A20055G,T21810C,G21987A,C22000A,C22109G,T22200A,G22577C,G22578A,G22599C,C22664A,C22674T,T22679C,C22686T,A22688G,G22775A,A22786C,G22813T,T22882G,G22895C,T22896C,G22898A,T22942G,G22992A,C22995A,A23013C,T23019C,T23031C,A23055G,A23063T,T23075C,A23403G,C23525T,T23599G,C23604A,C23854A,G23948T,A24424T,T24469A,C25000T,C25416T,C25584T,C26060T,C26270T,A26275G,C26577G,G26709A,C26858T,A27259C,G27382C,A27383T,T27384C,C27807T,A28271T,C28311T,C28550A,G28881A,G28882A,G28883C,C29095T,A29510C",,,T21618C,,"G3582A,C5736T,C10507T,-11288A,C28550A,C29095T",1,0,6,7,,"E:T9I,E:T11A,M:Q19E,M:A63T,N:P13L,N:R203K,N:G204R,N:S413R,ORF1a:K47R,ORF1a:G82D,ORF1a:S135R,ORF1a:T842I,ORF1a:S1106N,ORF1a:G1307S,ORF1a:A1824V,ORF1a:L3027F,ORF1a:T3090I,ORF1a:L3201F,ORF1a:T3255I,ORF1a:P3395H,ORF1a:S3675T,ORF1b:P314L,ORF1b:G662S,ORF1b:S959P,ORF1b:R1315C,ORF1b:I1566V,ORF1b:T2163I,ORF3a:T223I,ORF6:D61L,ORF9b:P10S,ORF9b:D89E,S:V83A,S:G142D,S:H146Q,S:Q183E,S:V213E,S:G339H,S:R346T,S:L368I,S:S371F,S:S373P,S:S375F,S:T376A,S:D405N,S:R408S,S:K417N,S:N440K,S:V445P,S:G446S,S:N460K,S:S477N,S:T478K,S:E484A,S:F486S,S:F490S,S:Q498R,S:N501Y,S:Y505H,S:D614G,S:H655Y,S:N679K,S:P681H,S:N764K,S:D796Y,S:Q954H,S:N969K",,,"1-54,29734-29903",,"Charité_RdRp_F:G15451A,Charité_E_F:C26270T;A26275G,ChinaCDC_N_F:G28881A;G28882A;G28883C,USCDC_N1_P:C28311T",89341,0,29903,3000,0,good,224,10,0,good,0,24,4,16.666667,good,12,,0,good,0,,0,,0,0,good,,0,0,good,False,,,,XBB_omicron_EPI_ISL_15579518_S1_L001
B_1_640_1_EPI_ISL_6370559_S1_L001,20A,B.1.640.1,B.1.640.1,20A,,20A,6.25,good,52,0,0,0,34,0,0,123,0,3,"C241T,C601T,C1191T,A1620G,C2416T,C2455T,C3037T,G6622T,G7328T,C9711T,G9756A,C10029T,T11418C,C11956T,C14408T,C16575T,C16869T,T20124C,C20283T,C21588T,G21848C,G21987A,A21993T,G22132T,T22191C,A22600C,A22743G,T22907A,T23030C,T23031G,A23063T,A23403G,C23604A,G23948T,C24138A,G24368C,C25487T,G25563T,A26492T,T26767C,C27513T,C27807T,C27972T,A28274T,T28297C,G28337T,C28887T,T29377C,G29405C,T29753C,T29758G,G29779T",,,,"-21987A|21J&21L&22B&22E&22C&23A&22A&21I&22D&22F&21A&rec&23B&21B,G23948T|21K&21L&22B&22E&22C&23A&22A&22D&22F&rec&23B","G7328T,T20124C,-21993T,A28274T,T29753C,T29758G",0,2,6,8,,"M:I82T,N:D22Y,N:T205I,N:E378Q,ORF1a:P309L,ORF1a:E452G,ORF1a:L2119F,ORF1a:A2355S,ORF1a:S3149F,ORF1a:R3164H,ORF1a:T3255I,ORF1a:V3718A,ORF1b:P314L,ORF3a:T32I,ORF3a:Q57H,ORF8:Q27*,ORF9b:I5T,ORF9b:Q18H,S:P9L,S:E96Q,S:G142D,S:Y144F,S:R190S,S:I210T,S:R346S,S:N394S,S:Y449N,S:F490R,S:N501Y,S:D614G,S:P681H,S:D796Y,S:T859N,S:D936H",,,"1-54,28275-28276,29837-29903",,"ChinaCDC_N_F:C28887T,USCDC_N1_F:T28297C,USCDC_N1_R:G28337T",89501,0,29903,3000,0,good,123,10,0,good,0,24,6,25.0,good,14,,0,good,0,,0,,0,0,good,,0,0,good,False,,,,B_1_640_1_EPI_ISL_6370559_S1_L001
BA_2_omicron_EPI_ISL_17009988_S1_L001,21L,BA.2.38,BA.2.38,21L,Omicron,21L (Omicron),44.444444,mediocre,75,0,0,0,52,0,0,10,0,6,"C241T,T670G,T886C,C2790T,C3037T,G3871T,G4184A,C4321T,C9344T,A9424G,C9534T,C9866T,C10029T,C10198T,G10447A,C10449A,T11296G,A12286G,C12880T,C14408T,C15714T,C17410T,A18163G,C19955T,A20055G,C21618T,G21987A,G22578A,C22674T,T22679C,C22686T,A22688G,G22775A,A22812C,G22813T,T22882G,C22978T,G22992A,C22995A,A23013C,A23040G,A23055G,A23063T,T23075C,A23403G,C23525T,T23599G,C23604A,C23854A,G23948T,A24424T,T24469A,C25000T,T25248C,C25416T,C25584T,C26060T,C26270T,C26577G,G26709A,C26858T,A27259C,G27382C,A27383T,T27384C,C27807T,A28271T,C28311T,A28370G,G28817A,G28881A,G28882A,G28883C,A29510C,G29779T",,,"G22200T,C22786A",G29779T|21H,"T886C,G3871T,-11296G,A12286G,C22978T,T25248C,-28370G,G28817A",2,1,8,11,,"E:T9I,M:Q19E,M:A63T,N:P13L,N:S33G,N:A182T,N:R203K,N:G204R,N:S413R,ORF1a:S135R,ORF1a:T842I,ORF1a:K1202N,ORF1a:G1307S,ORF1a:L3027F,ORF1a:T3090I,ORF1a:L3201F,ORF1a:T3255I,ORF1a:P3395H,ORF1a:F3677L,ORF1b:P314L,ORF1b:R1315C,ORF1b:I1566V,ORF1b:T2163I,ORF3a:T223I,ORF6:D61L,ORF9b:P10S,S:T19I,S:G142D,S:G339D,S:S371F,S:S373P,S:S375F,S:T376A,S:D405N,S:K417T,S:N440K,S:S477N,S:T478K,S:E484A,S:Q493R,S:Q498R,S:N501Y,S:Y505H,S:D614G,S:H655Y,S:N679K,S:P681H,S:N764K,S:D796Y,S:Q954H,S:N969K,S:M1229T",,,"1-9,29903",,"Charité_E_F:C26270T,Charité_N_R:G28817A,ChinaCDC_N_F:G28881A;G28882A;G28883C,USCDC_N1_P:C28311T",89409,0,29903,3000,0,good,10,10,0,good,0,24,16,66.666667,mediocre,24,,0,good,0,,0,,0,0,good,,0,0,good,False,,,,BA_2_omicron_EPI_ISL_17009988_S1_L001
B_1_1_7_alpha_EPI_ISL_1210624_S1_L001,20I,B.1.1.7,B.1.1.7,20I,Alpha,"20I (Alpha, V1)",17.361111,good,36,0,0,0,22,0,0,69,0,6,"C241T,C913T,C3037T,C3267T,C5388A,C5986T,T6954C,T11296G,C12784T,C14408T,C14676T,C15279T,T16176C,A17615G,A19079G,C19854T,C21575T,C22227T,A23063T,C23271A,A23403G,C23604A,C23709T,T24506G,G24914C,G26951C,C27972T,G28048T,A28111G,C28253T,T28282A,C28744T,G28881A,G28882A,G28883C,C28977T",,,,"C21575T|21J&21F,C22227T|21I&20E&21J,C28253T|20H&21G","-11296G,C12784T,A19079G,C19854T,G26951C,C28744T",0,3,6,9,,"N:R203K,N:G204R,N:S235F,ORF1a:T1001I,ORF1a:A1708D,ORF1a:I2230T,ORF1a:F3677L,ORF1b:P314L,ORF1b:K1383R,ORF1b:E1871G,ORF8:Q27*,ORF8:R52I,ORF8:Y73C,S:L5F,S:A222V,S:N501Y,S:A570D,S:D614G,S:P681H,S:T716I,S:S982A,S:D1118H",,,"1-2,11286-11292,21764-21772,21962-21994,27578-27583,28275-28281,29899-29903",,"ChinaCDC_N_F:G28881A;G28882A;G28883C,ChinaCDC_N_R:C28977T,USCDC_N3_R:C28744T,Pasteur_IP2_R:C12784T",89565,0,29903,3000,0,good,69,10,0,good,0,24,10,41.666667,mediocre,18,,0,good,0,,0,,0,0,good,,0,0,good,False,,,,B_1_1_7_alpha_EPI_ISL_1210624_S1_L001
P_1_gamma_EPI_ISL_1196991_S1_L001,20J,P.1.1,B.1.1.28.1.1,20J,Gamma,"20J (Gamma, V3)",146.006944,bad,33,0,0,0,24,0,0,5,0,1,"C241T,T733C,C2749T,C3037T,C3828T,A5648C,A6319G,A6613G,G11291A,T11296G,C12778T,T13851C,C13860T,C14408T,G17259T,A21137G,C21614T,C21621A,C21638T,G21974T,G22132T,A22812C,G23012A,A23063T,A23403G,C23525T,C24642T,C24919T,G25088T,T26149C,G28167A,C28512G,G28881A",,,"T28877A,C28878G,A28882G,C28883G,A29834T",A21137G|21J&21D,"-11291A,-11296G,C24919T",5,1,3,9,,"N:P80R,N:R203K,ORF1a:S1188L,ORF1a:K1795Q,ORF1a:G3676S,ORF1a:F3677L,ORF1b:P314L,ORF1b:E1264D,ORF1b:K2557R,ORF3a:S253P,ORF8:E92K,ORF9b:Q77E,S:L18F,S:T20N,S:P26S,S:D138Y,S:R190S,S:K417T,S:E484K,S:N501Y,S:D614G,S:H655Y,S:T1027I,S:V1176F",,,"1-2,29901-29903",,ChinaCDC_N_F:G28881A,89577,0,29903,3000,0,good,5,10,0,good,0,24,29,120.833333,bad,37,,0,good,0,,0,,0,0,good,,0,0,good,False,,,,P_1_gamma_EPI_ISL_1196991_S1_L001
BA_2_omicron_EPI_ISL_9176026_S1_L001,21L,BA.2.10,BA.2.10,21L,Omicron,21L (Omicron),0.0,good,71,0,0,0,53,0,0,4,0,5,"C241T,T670G,C2790T,C3037T,G4184A,C4321T,C9344T,A9424G,C9534T,C9866T,C10029T,C10198T,G10447A,C10449A,T11296G,C12880T,C14408T,C15714T,T16342C,C17410T,A18163G,C19955T,A20055G,C21618T,G21987A,T22200G,G22578A,C22674T,T22679C,C22686T,A22688G,G22775A,A22786C,G22813T,T22882G,G22992A,C22995A,A23013C,A23040G,A23055G,A23063T,T23075C,A23403G,C23525T,T23599G,C23604A,C23854A,G23948T,A24424T,T24469A,G24757T,C25000T,C25584T,C26060T,C26270T,C26577G,G26709A,C26858T,A27259C,G27382C,A27383T,T27384C,C27807T,A28271T,C28311T,A28363T,C28367T,G28881A,G28882A,G28883C,A29510C",,,,,"-11296G,G24757T,-28363T,-28367T",0,0,4,4,,"E:T9I,M:Q19E,M:A63T,N:P13L,N:R32C,N:R203K,N:G204R,N:S413R,ORF1a:S135R,ORF1a:T842I,ORF1a:G1307S,ORF1a:L3027F,ORF1a:T3090I,ORF1a:L3201F,ORF1a:T3255I,ORF1a:P3395H,ORF1a:F3677L,ORF1b:P314L,ORF1b:S959P,ORF1b:R1315C,ORF1b:I1566V,ORF1b:T2163I,ORF3a:T223I,ORF6:D61L,ORF9b:P10S,ORF9b:E27V,S:T19I,S:G142D,S:V213G,S:G339D,S:S371F,S:S373P,S:S375F,S:T376A,S:D405N,S:R408S,S:K417N,S:N440K,S:S477N,S:T478K,S:E484A,S:Q493R,S:Q498R,S:N501Y,S:Y505H,S:D614G,S:H655Y,S:N679K,S:P681H,S:N764K,S:D796Y,S:Q954H,S:N969K",,,"1-3,29903",,"Charité_E_F:C26270T,ChinaCDC_N_F:G28881A;G28882A;G28883C,USCDC_N1_P:C28311T",89425,0,29903,3000,0,good,4,10,0,good,0,24,-4,0.0,good,4,,0,good,0,,0,,0,0,good,,0,0,good,False,,,,BA_2_omicron_EPI_ISL_9176026_S1_L001
B_1_1_7_alpha_EPI_ISL_1144409_S1_L001,20I,B.1.1.7,B.1.1.7,20I,Alpha,"20I (Alpha, V1)",0.0,good,32,0,0,0,22,0,0,107,0,4,"C241T,C913T,C3037T,C3267T,C5388A,C5986T,T6954C,G7996T,A9377G,G11291A,T11296G,C14408T,C14676T,C15279T,T16176C,A17615G,G21770A,A23063T,C23271A,A23403G,C23604A,C23709T,T24506G,G24914C,C27741T,C27972T,G28048T,A28111G,G28881A,G28882A,G28883C,C28977T",,,,,"G7996T,A9377G,-11291A,-11296G,-21770A,C27741T",0,0,6,6,,"N:R203K,N:G204R,N:S235F,ORF1a:T1001I,ORF1a:A1708D,ORF1a:I2230T,ORF1a:I3038V,ORF1a:G3676S,ORF1a:F3677L,ORF1b:P314L,ORF1b:K1383R,ORF8:Q27*,ORF8:R52I,ORF8:Y73C,S:V70I,S:N501Y,S:A570D,S:D614G,S:P681H,S:T716I,S:S982A,S:D1118H",,,"1-54,11288-11289,21764-21769,21962-21994,28275-28282,29900-29903",,"ChinaCDC_N_F:G28881A;G28882A;G28883C,ChinaCDC_N_R:C28977T",89581,0,29903,3000,0,good,107,10,0,good,0,24,-2,0.0,good,6,,0,good,0,,0,,0,0,good,,0,0,good,False,,,,B_1_1_7_alpha_EPI_ISL_1144409_S1_L001
BA_5_omicron_EPI_ISL_15195176_S1_L001,22B,BA.5,BA.5,22B,Omicron,22B (Omicron),25.0,good,73,0,0,0,51,0,0,7,0,5,"G199A,C241T,T670G,A1378G,C1627T,C2790T,C3037T,G4184A,C4321T,C7113T,G8653T,C9344T,A9424G,C9534T,C10029T,C10198T,G10447A,C10449A,G12160A,C12880T,C14408T,C15714T,T16449C,C17410T,A18163G,C19955T,A20055G,C21618T,G21987A,T22200G,G22578A,C22674T,T22679C,C22686T,A22688G,G22775A,A22786C,G22813T,T22882G,T22917G,G22992A,C22995A,A23013C,T23018G,A23055G,A23063T,T23075C,A23403G,C23525T,T23599G,C23604A,C23854A,C23929T,G23948T,A24424T,C24463T,T24469A,C25000T,C25584T,C26060T,C26270T,G26529A,C26577G,G26709A,C27807T,C27889T,A28271T,C28311T,G28881A,G28882A,G28883C,A29510C,C29614T",,,A29868G,"C23929T|19A,C29614T|22B","G199A,A1378G,C7113T,G8653T,T16449C,C24463T",1,2,6,9,,"E:T9I,M:D3N,M:Q19E,M:A63T,N:P13L,N:R203K,N:G204R,N:S413R,ORF1a:S135R,ORF1a:T842I,ORF1a:G1307S,ORF1a:T2283I,ORF1a:M2796I,ORF1a:L3027F,ORF1a:T3090I,ORF1a:T3255I,ORF1a:P3395H,ORF1b:P314L,ORF1b:R1315C,ORF1b:I1566V,ORF1b:T2163I,ORF3a:T223I,ORF9b:P10S,S:T19I,S:G142D,S:V213G,S:G339D,S:S371F,S:S373P,S:S375F,S:T376A,S:D405N,S:R408S,S:K417N,S:N440K,S:L452R,S:S477N,S:T478K,S:E484A,S:F486V,S:Q498R,S:N501Y,S:Y505H,S:D614G,S:H655Y,S:N679K,S:P681H,S:N764K,S:D796Y,S:Q954H,S:N969K",,,"1-6,29903",,"Charité_E_F:C26270T,ChinaCDC_N_F:G28881A;G28882A;G28883C,USCDC_N1_P:C28311T",89417,0,29903,3000,0,good,7,10,0,good,0,24,12,50.0,mediocre,20,,0,good,0,,0,,0,0,good,,0,0,good,False,,,,BA_5_omicron_EPI_ISL_15195176_S1_L001
BA_2_omicron_EPI_ISL_10746154_S1_L001,21L,BA.2.10,BA.2.10,21L,Omicron,21L (Omicron),0.0,good,71,0,0,0,54,0,0,7,0,5,"C241T,T670G,C2790T,C3037T,G4184A,C4321T,C9344T,A9424G,C9534T,C9866T,C10029T,C10198T,G10447A,C10449A,G11291A,T11296G,C12880T,C14408T,C15714T,T16342C,C17410T,A18163G,C19955T,A20055G,C21005T,A21526G,C21618T,G21987A,T22200G,G22578A,C22674T,T22679C,C22686T,A22688G,G22775A,A22786C,G22813T,T22882G,G22992A,C22995A,A23013C,A23040G,A23055G,A23063T,T23075C,A23403G,C23525T,T23599G,C23604A,C23854A,G23948T,A24424T,T24469A,C25000T,C25584T,C26060T,C26270T,C26577G,G26709A,C26858T,A27259C,G27382C,A27383T,T27384C,C27807T,A28271T,C28311T,G28881A,G28882A,G28883C,A29510C",,,,,"-11291A,-11296G,C21005T,A21526G",0,0,4,4,,"E:T9I,M:Q19E,M:A63T,N:P13L,N:R203K,N:G204R,N:S413R,ORF1a:S135R,ORF1a:T842I,ORF1a:G1307S,ORF1a:L3027F,ORF1a:T3090I,ORF1a:L3201F,ORF1a:T3255I,ORF1a:P3395H,ORF1a:G3676S,ORF1a:F3677L,ORF1b:P314L,ORF1b:S959P,ORF1b:R1315C,ORF1b:I1566V,ORF1b:T2163I,ORF1b:A2513V,ORF1b:I2687V,ORF3a:T223I,ORF6:D61L,ORF9b:P10S,S:T19I,S:G142D,S:V213G,S:G339D,S:S371F,S:S373P,S:S375F,S:T376A,S:D405N,S:R408S,S:K417N,S:N440K,S:S477N,S:T478K,S:E484A,S:Q493R,S:Q498R,S:N501Y,S:Y505H,S:D614G,S:H655Y,S:N679K,S:P681H,S:N764K,S:D796Y,S:Q954H,S:N969K",,,"1-2,29899-29903",,"Charité_E_F:C26270T,ChinaCDC_N_F:G28881A;G28882A;G28883C,USCDC_N1_P:C28311T",89425,0,29903,3000,0,good,7,10,0,good,0,24,-4,0.0,good,4,,0,good,0,,0,,0,0,good,,0,0,good,False,,,,BA_2_omicron_EPI_ISL_10746154_S1_L001
BA_5_omicron_EPI_ISL_15195192_S1_L001,22B,BA.5,BA.5,22B,Omicron,22B (Omicron),56.25,mediocre,72,0,0,0,50,0,0,57,0,5,"G199A,C241T,T670G,A1378G,C1627T,C2790T,C3037T,G4184A,C4321T,C4331T,C7113T,G8653T,C9344T,A9424G,C9534T,C10029T,C10198T,G10447A,C10449A,G12160A,C12880T,C14408T,C15714T,T16449C,C17410T,A18163G,C19955T,A20055G,C21618T,G21987A,T22200G,G22578A,C22674T,T22679C,C22686T,A22688G,G22775A,G22813T,T22882G,T22917G,G22992A,C22995A,A23013C,T23018G,A23055G,A23063T,T23075C,A23403G,C23525T,T23599G,C23604A,C23854A,C23929T,G23948T,A24424T,T24469A,C25000T,C25584T,C26060T,C26270T,G26529A,C26577G,G26709A,C27807T,C27889T,A28271T,C28311T,G28881A,G28882A,G28883C,A29510C,C29614T",,,"C22786A,A29868G","C23929T|19A,C29614T|22B","G199A,A1378G,C4331T,C7113T,G8653T,T16449C",2,2,6,10,,"E:T9I,M:D3N,M:Q19E,M:A63T,N:P13L,N:R203K,N:G204R,N:S413R,ORF1a:S135R,ORF1a:T842I,ORF1a:G1307S,ORF1a:T2283I,ORF1a:M2796I,ORF1a:L3027F,ORF1a:T3090I,ORF1a:T3255I,ORF1a:P3395H,ORF1b:P314L,ORF1b:R1315C,ORF1b:I1566V,ORF1b:T2163I,ORF3a:T223I,ORF9b:P10S,S:T19I,S:G142D,S:V213G,S:G339D,S:S371F,S:S373P,S:S375F,S:T376A,S:D405N,S:K417N,S:N440K,S:L452R,S:S477N,S:T478K,S:E484A,S:F486V,S:Q498R,S:N501Y,S:Y505H,S:D614G,S:H655Y,S:N679K,S:P681H,S:N764K,S:D796Y,S:Q954H,S:N969K",,,"1-54,29901-29903",,"Charité_E_F:C26270T,ChinaCDC_N_F:G28881A;G28882A;G28883C,USCDC_N1_P:C28311T",89421,0,29903,3000,0,good,57,10,0,good,0,24,18,75.0,mediocre,26,,0,good,0,,0,,0,0,good,,0,0,good,False,,,,BA_5_omicron_EPI_ISL_15195192_S1_L001
BA_5_omicron_EPI_ISL_13883841_S1_L001,22B,BA.5,BA.5,22B,Omicron,22B (Omicron),6.25,good,73,0,0,0,55,0,0,29,0,5,"C241T,T670G,C1627T,C2790T,C3037T,T3571G,G4184A,C4321T,C5622T,C9344T,A9424G,C9534T,C10029T,C10198T,A10348G,G10447A,C10449A,G11291A,T11296G,G12160A,C12880T,C14408T,C15714T,C17410T,A18163G,C19955T,A20055G,C21618T,C21648T,G21987A,T22200G,G22578A,C22674T,T22679C,C22686T,A22688G,G22775A,A22786C,G22813T,T22882G,T22917G,A22941G,G22992A,C22995A,A23013C,T23018G,A23055G,A23063T,T23075C,A23403G,C23525T,T23599G,C23604A,C23854A,G23948T,A24424T,T24469A,C25000T,C25584T,C26060T,C26270T,G26529A,C26577G,G26709A,C27807T,C27889T,A28271T,C28311T,A28363T,G28881A,G28882A,G28883C,A29510C",,,A29868G,,"T3571G,C5622T,A10348G,-11291A,-11296G,C21648T,A22941G,-28363T",1,0,8,9,,"E:T9I,M:D3N,M:Q19E,M:A63T,N:P13L,N:R203K,N:G204R,N:S413R,ORF1a:S135R,ORF1a:T842I,ORF1a:S1102R,ORF1a:G1307S,ORF1a:P1786L,ORF1a:L3027F,ORF1a:T3090I,ORF1a:T3255I,ORF1a:P3395H,ORF1a:G3676S,ORF1a:F3677L,ORF1b:P314L,ORF1b:R1315C,ORF1b:I1566V,ORF1b:T2163I,ORF3a:T223I,ORF9b:P10S,S:T19I,S:T29I,S:G142D,S:V213G,S:G339D,S:S371F,S:S373P,S:S375F,S:T376A,S:D405N,S:R408S,S:K417N,S:N440K,S:L452R,S:N460S,S:S477N,S:T478K,S:E484A,S:F486V,S:Q498R,S:N501Y,S:Y505H,S:D614G,S:H655Y,S:N679K,S:P681H,S:N764K,S:D796Y,S:Q954H,S:N969K",,,"1-4,11287-11290,21633-21642,28364-28371,29901-29903",,"Charité_E_F:C26270T,ChinaCDC_N_F:G28881A;G28882A;G28883C,USCDC_N1_P:C28311T",89417,0,29903,3000,0,good,29,10,0,good,0,24,6,25.0,good,14,,0,good,0,,0,,0,0,good,,0,0,good,False,,,,BA_5_omicron_EPI_ISL_13883841_S1_L001
AY_4_delta_EPI_ISL_7826485_S1_L001,21J,AY.4,B.1.617.2.4,21J,Delta,21J (Delta),0.0,good,41,0,0,0,34,0,0,185,0,2,"G210T,C241T,A1964G,A2786G,C3037T,G4181T,C6402T,C7124T,C7851T,C8986T,G9053T,C10029T,A11201G,A11332G,C14408T,G15451A,C16466T,G18997A,C19220T,C21618G,C21846T,G21987A,T22917G,C22995A,A23403G,C23604G,C23758T,G24410A,C25469T,T25959C,T26767C,T27638C,C27752T,C27874T,T27988C,A28461G,G28881T,G28916T,G29081T,G29402T,G29742T",,,,,"A1964G,A2786G,G18997A,C23758T,T25959C,T27988C,G29081T",0,0,7,7,,"M:I82T,N:D63G,N:R203M,N:G215C,N:V270L,N:D377Y,ORF1a:I567V,ORF1a:I841V,ORF1a:A1306S,ORF1a:P2046L,ORF1a:P2287S,ORF1a:A2529V,ORF1a:V2930L,ORF1a:T3255I,ORF1a:T3646A,ORF1b:P314L,ORF1b:G662S,ORF1b:P1000L,ORF1b:A1844T,ORF1b:A1918V,ORF3a:S26L,ORF7a:V82A,ORF7a:T120I,ORF7b:T40I,ORF8:V32A,ORF9b:T60A,S:T19R,S:T95I,S:G142D,S:L452R,S:T478K,S:D614G,S:P681R,S:D950N",,,"1-55,22014-22038,28246-28273,29827-29903",,"Charité_RdRp_F:G15451A,ChinaCDC_N_F:G28881T",89545,0,29903,3000,0,good,185,10,0,good,0,24,-1,0.0,good,7,,0,good,0,,0,,0,0,good,,0,0,good,False,,,,AY_4_delta_EPI_ISL_7826485_S1_L001
XBB_omicron_EPI_ISL_15465135_S1_L001,22F,XBB,XBB,22F,Omicron,22F (Omicron),6.25,good,89,0,0,0,64,0,0,183,0,7,"C241T,A405G,G510A,T670G,C2790T,C3037T,G4184A,C4321T,G5518A,C9344T,A9424G,C9534T,C9866T,C10029T,C10198T,G10447A,C10449A,T11296G,C12880T,C14408T,G15451A,C15714T,C15738T,T15939C,T16342C,C17410T,T17859C,A18163G,A19326G,C19955T,A20055G,C21618T,T21810C,G21987A,C22000A,C22109G,G22577C,G22578A,G22599C,C22664A,C22674T,T22679C,C22686T,A22688G,G22775A,A22786C,G22813T,T22882G,G22895C,T22896C,G22898A,T22942G,G22992A,C22995A,A23013C,T23019C,T23031C,A23055G,A23063T,T23075C,A23403G,C23525T,T23599G,C23604A,C23854A,G23948T,A24424T,T24469A,C25000T,C25416T,C25584T,C26060T,C26270T,A26275G,C26577G,G26709A,C26858T,A27259C,G27382C,A27383T,T27384C,C27807T,A28271T,C28311T,A28363T,G28881A,G28882A,G28883C,A29510C",,,"T44C,A22200T",,"-11296G,-28363T",2,0,2,4,,"E:T9I,E:T11A,M:Q19E,M:A63T,N:P13L,N:R203K,N:G204R,N:S413R,ORF1a:K47R,ORF1a:G82D,ORF1a:S135R,ORF1a:T842I,ORF1a:G1307S,ORF1a:L3027F,ORF1a:T3090I,ORF1a:L3201F,ORF1a:T3255I,ORF1a:P3395H,ORF1a:F3677L,ORF1b:P314L,ORF1b:G662S,ORF1b:S959P,ORF1b:R1315C,ORF1b:I1566V,ORF1b:T2163I,ORF3a:T223I,ORF6:D61L,ORF9b:P10S,ORF9b:E27V,S:T19I,S:V83A,S:G142D,S:H146Q,S:Q183E,S:G339H,S:R346T,S:L368I,S:S371F,S:S373P,S:S375F,S:T376A,S:D405N,S:R408S,S:K417N,S:N440K,S:V445P,S:G446S,S:N460K,S:S477N,S:T478K,S:E484A,S:F486S,S:F490S,S:Q498R,S:N501Y,S:Y505H,S:D614G,S:H655Y,S:N679K,S:P681H,S:N764K,S:D796Y,S:Q954H,S:N969K",,,"1-11,29732-29903",,"Charité_RdRp_F:G15451A,Charité_E_F:C26270T;A26275G,ChinaCDC_N_F:G28881A;G28882A;G28883C,USCDC_N1_P:C28311T",89353,0,29903,3000,0,good,183,10,0,good,0,24,6,25.0,good,14,,0,good,0,,0,,0,0,good,,0,0,good,False,,,,XBB_omicron_EPI_ISL_15465135_S1_L001
B_1_EPI_ISL_15742978_S1_L001,22F,XBB,XBB,22F,Omicron,22F (Omicron),0.0,good,89,0,0,0,63,0,0,121,0,7,"C241T,A405G,G510A,T670G,C2790T,C3037T,G4184A,C4321T,G5518A,C9344T,A9424G,C9534T,C9866T,C10029T,C10198T,G10447A,C10449A,C12880T,C14408T,G15451A,C15714T,C15738T,T15939C,T16050C,T16342C,C17410T,T17859C,A18163G,A19326G,C19955T,A20055G,C21618T,T21810C,G21987A,C22000A,C22109G,T22200A,G22577C,G22578A,G22599C,C22664A,C22674T,T22679C,C22686T,A22688G,G22775A,A22786C,G22813T,T22882G,G22895C,T22896C,G22898A,T22942G,G22992A,C22995A,A23013C,T23019C,T23031C,A23055G,A23063T,T23075C,A23403G,C23525T,T23599G,C23604A,C23854A,G23948T,A24424T,T24469A,C25000T,C25416T,C25584T,C26060T,C26270T,A26275G,C26577G,G26709A,C26858T,A27259C,G27382C,A27383T,T27384C,C27807T,A28271T,C28311T,G28881A,G28882A,G28883C,A29510C",,,,,T16050C,0,0,1,1,,"E:T9I,E:T11A,M:Q19E,M:A63T,N:P13L,N:R203K,N:G204R,N:S413R,ORF1a:K47R,ORF1a:G82D,ORF1a:S135R,ORF1a:T842I,ORF1a:G1307S,ORF1a:L3027F,ORF1a:T3090I,ORF1a:L3201F,ORF1a:T3255I,ORF1a:P3395H,ORF1b:P314L,ORF1b:G662S,ORF1b:S959P,ORF1b:R1315C,ORF1b:I1566V,ORF1b:T2163I,ORF3a:T223I,ORF6:D61L,ORF9b:P10S,S:T19I,S:V83A,S:G142D,S:H146Q,S:Q183E,S:V213E,S:G339H,S:R346T,S:L368I,S:S371F,S:S373P,S:S375F,S:T376A,S:D405N,S:R408S,S:K417N,S:N440K,S:V445P,S:G446S,S:N460K,S:S477N,S:T478K,S:E484A,S:F486S,S:F490S,S:Q498R,S:N501Y,S:Y505H,S:D614G,S:H655Y,S:N679K,S:P681H,S:N764K,S:D796Y,S:Q954H,S:N969K",,,"1-54,29837-29903",,"Charité_RdRp_F:G15451A,Charité_E_F:C26270T;A26275G,ChinaCDC_N_F:G28881A;G28882A;G28883C,USCDC_N1_P:C28311T",89353,0,29903,3000,0,good,121,10,0,good,0,24,-7,0.0,good,1,,0,good,0,,0,,0,0,good,,0,0,good,False,,,,B_1_EPI_ISL_15742978_S1_L001
B_1_640_1_EPI_ISL_6316495_S1_L001,20A,B.1.640.1,B.1.640.1,20A,,20A,0.173611,good,50,0,0,0,33,0,0,56,0,3,"C241T,C601T,C1191T,A1620G,C2416T,C2455T,C3037T,G6622T,G7328T,C9711T,G9756A,C10029T,T11418C,C11956T,C14408T,C16575T,C16869T,C20283T,C21588T,G21848C,A21993T,G22132T,T22191C,A22600C,A22743G,T22907A,T23030C,T23031G,A23063T,A23403G,C23604A,C24138A,G24368C,C25487T,G25563T,A26492T,T26767C,A27086T,C27513T,C27807T,C27972T,T28297C,G28337T,C28887T,A29088T,T29377C,G29405C,G29742T,T29758G,G29779T",,,,-29742T|21J&21I&21A&21B,"G7328T,-21993T,A27086T,A29088T,T29758G",0,1,5,6,,"M:I82T,N:D22Y,N:T205I,N:Q272L,N:E378Q,ORF1a:P309L,ORF1a:E452G,ORF1a:L2119F,ORF1a:A2355S,ORF1a:S3149F,ORF1a:R3164H,ORF1a:T3255I,ORF1a:V3718A,ORF1b:P314L,ORF3a:T32I,ORF3a:Q57H,ORF8:Q27*,ORF9b:I5T,ORF9b:Q18H,S:P9L,S:E96Q,S:Y144F,S:R190S,S:I210T,S:R346S,S:N394S,S:Y449N,S:F490R,S:N501Y,S:D614G,S:P681H,S:T859N,S:D936H",,,"1-54,29902-29903",,"ChinaCDC_N_F:C28887T,USCDC_N1_F:T28297C,USCDC_N1_R:G28337T",89509,0,29903,3000,0,good,56,10,0,good,0,24,1,4.166667,good,9,,0,good,0,,0,,0,0,good,,0,0,good,False,,,,B_1_640_1_EPI_ISL_6316495_S1_L001
AY_39_1_delta_EPI_ISL_7825964_S1_L001,21J,AY.39.1,B.1.617.2.39.1,21J,Delta,21J (Delta),29.340278,good,40,0,0,0,32,0,0,193,0,4,"G210T,C241T,C2232T,C3037T,C3096T,G4181T,C6402T,C7124T,C8986T,G9053T,C10029T,A11201G,A11332G,A13482G,C14408T,G15451A,C16466T,C19220T,G21372T,C21618G,C21846T,G21987A,T22917G,C22995A,A23403G,C23604G,G24410A,C25469T,T26187C,T26767C,C27752T,C27874T,T28297C,A28461G,C28725T,G28881T,G28916T,T28921C,G29402T,G29742T",,,"A27604G,C27638T",T28297C|22F&23B,"C2232T,C3096T,T26187C,C28725T,T28921C",2,1,5,8,,"M:I82T,N:D63G,N:P151L,N:R203M,N:G215C,N:D377Y,ORF1a:A656V,ORF1a:S944L,ORF1a:A1306S,ORF1a:P2046L,ORF1a:P2287S,ORF1a:V2930L,ORF1a:T3255I,ORF1a:T3646A,ORF1b:P314L,ORF1b:G662S,ORF1b:P1000L,ORF1b:A1918V,ORF1b:Q2635H,ORF3a:S26L,ORF7a:T120I,ORF7b:T40I,ORF9b:I5T,ORF9b:T60A,S:T19R,S:T95I,S:G142D,S:L452R,S:T478K,S:D614G,S:P681R,S:D950N",,,"1-54,22014-22038,28245-28278,29824-29903",,"Charité_RdRp_F:G15451A,ChinaCDC_N_F:G28881T,USCDC_N1_F:T28297C,USCDC_N3_P:C28725T",89549,0,29903,3000,0,good,193,10,0,good,0,24,13,54.166667,mediocre,21,,0,good,0,,0,,0,0,good,,0,0,good,False,,,,AY_39_1_delta_EPI_ISL_7825964_S1_L001
